{
    "root_group": {
        "path": "",
        "id": "d41d8cd98f00b204e9800998ecf8427e",
        "groups": {},
        "checks": {
                "status 200": {
                    "name": "status 200",
                    "path": "::status 200",
                    "id": "fad9fa412b86fcb03bee97c80dcd61f1",
                    "passes": 35861,
                    "fails": 234136
                }
            },
        "name": ""
    },
    "metrics": {
        "http_req_blocked": {
            "p(95)": 0.19635559999999996,
            "avg": 0.14845632821105417,
            "min": 0.001049,
            "med": 0.127712,
            "max": 26.808376,
            "p(90)": 0.171765
        },
        "vus_max": {
            "min": 800,
            "max": 802,
            "value": 802
        },
        "http_req_waiting": {
            "p(90)": 1146.8535774,
            "p(95)": 1341.5005194,
            "avg": 329.2315196305737,
            "min": 0,
            "med": 1.140374,
            "max": 60008.248219
        },
        "data_sent": {
            "count": 1525006856,
            "rate": 8436747.776795343
        },
        "iterations": {
            "count": 269997,
            "rate": 1493.6959663684372
        },
        "vus": {
            "max": 761,
            "value": 203,
            "min": 203
        },
        "http_req_duration": {
            "min": 0,
            "med": 1.193523,
            "max": 60008.299328,
            "p(90)": 1146.9786023999998,
            "p(95)": 1341.6269329999998,
            "avg": 329.2963464030302
        },
        "data_received": {
            "rate": 1146908.1393485654,
            "count": 207312441
        },
        "http_req_sending": {
            "max": 20.164635,
            "p(90)": 0.0805578,
            "p(95)": 0.09360139999999997,
            "avg": 0.058543576447147444,
            "min": 0,
            "med": 0.051349
        },
        "http_req_tls_handshaking": {
            "med": 0,
            "max": 0,
            "p(90)": 0,
            "p(95)": 0,
            "avg": 0,
            "min": 0
        },
        "http_req_failed": {
            "fails": 35861,
            "passes": 234136,
            "value": 0.8671800057037671
        },
        "http_req_duration{expected_response:true}": {
            "avg": 1397.6909014151647,
            "min": 25.610913,
            "med": 1267.697357,
            "max": 59979.019903,
            "p(90)": 1520.073013,
            "p(95)": 1592.918454
        },
        "http_req_connecting": {
            "p(95)": 0.1387772,
            "avg": 0.11291169075952597,
            "min": 0,
            "med": 0.0925,
            "max": 26.741466,
            "p(90)": 0.120578
        },
        "checks": {
            "passes": 35861,
            "fails": 234136,
            "value": 0.13281999429623292
        },
        "iteration_duration": {
            "p(90)": 1147.1166744,
            "p(95)": 1341.7895543999994,
            "avg": 329.6202748957983,
            "min": 0.832798,
            "med": 1.510916,
            "max": 60010.218326
        },
        "dropped_iterations": {
            "count": 4,
            "rate": 0.022129075009995478
        },
        "http_reqs": {
            "count": 269997,
            "rate": 1493.6959663684372
        },
        "http_req_receiving": {
            "avg": 0.00628319601699277,
            "min": 0,
            "med": 0,
            "max": 8.021918,
            "p(90)": 0.028352399999999993,
            "p(95)": 0.048421
        }
    }
}