{
    "root_group": {
        "name": "",
        "path": "",
        "id": "d41d8cd98f00b204e9800998ecf8427e",
        "groups": {},
        "checks": {
                "status 200": {
                    "name": "status 200",
                    "path": "::status 200",
                    "id": "fad9fa412b86fcb03bee97c80dcd61f1",
                    "passes": 44147,
                    "fails": 0
                }
            }
    },
    "metrics": {
        "iteration_duration": {
            "avg": 1126.3897999256521,
            "min": 3.163138,
            "med": 1114.290892,
            "max": 24201.089632,
            "p(90)": 1271.2743898,
            "p(95)": 1321.3998339999998
        },
        "iterations": {
            "count": 44147,
            "rate": 243.9151318510451
        },
        "http_req_sending": {
            "p(95)": 0.10198059999999995,
            "avg": 0.07784379398373648,
            "min": 0.028104,
            "med": 0.073608,
            "max": 4.029876,
            "p(90)": 0.0929794
        },
        "http_req_tls_handshaking": {
            "min": 0,
            "med": 0,
            "max": 0,
            "p(90)": 0,
            "p(95)": 0,
            "avg": 0
        },
        "http_req_waiting": {
            "p(90)": 1271.0025302000001,
            "p(95)": 1321.1231329,
            "avg": 1126.115026472709,
            "min": 2.588421,
            "med": 1114.023691,
            "max": 24200.699897
        },
        "checks": {
            "fails": 0,
            "passes": 44147,
            "value": 1
        },
        "data_sent": {
            "count": 249607138,
            "rate": 1379096.155485809
        },
        "http_req_duration": {
            "med": 1114.140209,
            "max": 24200.774631,
            "p(90)": 1271.1363020000001,
            "p(95)": 1321.2562062,
            "avg": 1126.245415632138,
            "min": 2.737468
        },
        "vus_max": {
            "value": 300,
            "min": 150,
            "max": 300
        },
        "http_reqs": { //nao chegou as 300...s
            "count": 44147,
            "rate": 243.9151318510451
        },
        "http_req_blocked": {
            "med": 0.002822,
            "max": 23.002901,
            "p(90)": 0.003768,
            "p(95)": 0.004258,
            "avg": 0.005350126418556252,
            "min": 0.000909
        },
        "data_received": {
            "count": 255213807,
            "rate": 1410073.3772308917
        },
        "http_req_failed": {
            "passes": 0,
            "fails": 44147,
            "value": 0
        },
        "http_req_connecting": {
            "avg": 0.0019560914444922647,
            "min": 0,
            "med": 0,
            "max": 22.949983,
            "p(90)": 0,
            "p(95)": 0
        },
        "http_req_receiving": {
            "med": 0.050721,
            "max": 1.451513,
            "p(90)": 0.071339,
            "p(95)": 0.0821534,
            "avg": 0.052545365438195143,
            "min": 0.009707
        },
        "http_req_duration{expected_response:true}": {
            "p(90)": 1271.1363020000001,
            "p(95)": 1321.2562062,
            "avg": 1126.245415632138,
            "min": 2.737468,
            "med": 1114.140209,
            "max": 24200.774631
        },
        "vus": {
            "value": 5,
            "min": 5,
            "max": 300
        },
        "dropped_iterations": {
            "rate": 54.43848492827026,
            "count": 9853
        }
    }
}