{
    "root_group": {
        "path": "",
        "id": "d41d8cd98f00b204e9800998ecf8427e",
        "groups": {},
        "checks": {
                "status 200": {
                    "path": "::status 200",
                    "id": "fad9fa412b86fcb03bee97c80dcd61f1",
                    "passes": 38280,
                    "fails": 72299,
                    "name": "status 200"
                }
            },
        "name": ""
    },
    "metrics": {
        "checks": {
            "passes": 38280,
            "fails": 72299,
            "value": 0.34617784570307203
        },
        "http_req_tls_handshaking": {
            "avg": 0,
            "min": 0,
            "med": 0,
            "max": 0,
            "p(90)": 0,
            "p(95)": 0
        },
        "http_req_failed": {
            "passes": 72299,
            "fails": 38280,
            "value": 0.653822154296928
        },
        "http_req_waiting": {
            "med": 1.637078,
            "max": 60004.498092,
            "p(90)": 1427.2848196,
            "p(95)": 1580.8504122999998,
            "avg": 1059.2548907333148,
            "min": 0
        },
        "iteration_duration": {
            "max": 60004.868527,
            "p(90)": 1427.5813894,
            "p(95)": 1581.0960787999998,
            "avg": 1059.6279528972566,
            "min": 0.77321,
            "med": 2.088238
        },
        "vus_max": {
            "value": 800,
            "min": 520,
            "max": 800
        },
        "http_req_sending": {
            "avg": 0.06152775004295654,
            "min": 0,
            "med": 0.057315,
            "max": 3.227439,
            "p(90)": 0.084949,
            "p(95)": 0.0942610999999999
        },
        "http_req_connecting": {
            "avg": 0.10046661121912773,
            "min": 0,
            "med": 0.090197,
            "max": 27.235439,
            "p(90)": 0.1177434,
            "p(95)": 0.131621
        },
        "http_req_receiving": {
            "avg": 0.018325898235650603,
            "min": 0,
            "med": 0,
            "max": 6.865084,
            "p(90)": 0.0605372,
            "p(95)": 0.069615
        },
        "http_req_duration": {
            "avg": 1059.3347443815721,
            "min": 0,
            "med": 1.702598,
            "max": 60004.58483,
            "p(90)": 1427.4270366,
            "p(95)": 1580.9642524
        },
        "http_req_blocked": {
            "p(95)": 0.18747939999999996,
            "avg": 0.1287055717631751,
            "min": 0.000879,
            "med": 0.124105,
            "max": 27.273768,
            "p(90)": 0.1674252
        },
        "data_sent": {
            "count": 625022410,
            "rate": 3011239.275926124
        },
        "iterations": {
            "count": 110579,
            "rate": 532.7486223936112
        },
        "vus": {
            "value": 86,
            "min": 45,
            "max": 800
        },
        "http_req_duration{expected_response:true}": {
            "p(90)": 1608.7386083999997,
            "p(95)": 1721.1818661499985,
            "avg": 1655.1084618710806,
            "min": 2.844353,
            "med": 1218.143041,
            "max": 59981.774371
        },
        "dropped_iterations": {
            "count": 33422,
            "rate": 161.02084896444418
        },
        "http_reqs": {
            "count": 110579,
            "rate": 532.7486223936112
        },
        "data_received": {
            "count": 221296680,
            "rate": 1066165.3786910698
        }
    }
}