{
    "metrics": {
        "iterations": {
            "count": 162364,
            "rate": 526.8907167467568
        },
        "http_reqs": {
            "count": 162364,
            "rate": 526.8907167467568
        },
        "http_req_blocked": {
            "avg": 0.013470619004212005,
            "min": 0.000971,
            "med": 0.003416,
            "max": 45.029289,
            "p(90)": 0.004389,
            "p(95)": 0.005491
        },
        "dropped_iterations": {
            "count": 137638,
            "rate": 446.65187154535556
        },
        "iteration_duration": {
            "med": 1248.0891855,
            "max": 25723.361461,
            "p(90)": 11291.968082300014,
            "p(95)": 15672.577540549999,
            "avg": 2914.5279127384983,
            "min": 2.002456
        },
        "http_req_connecting": {
            "p(95)": 0,
            "avg": 0.00735557647631246,
            "min": 0,
            "med": 0,
            "max": 44.956541,
            "p(90)": 0
        },
        "http_req_receiving": {
            "avg": 0.056976210878026574,
            "min": 0.009808,
            "med": 0.048812,
            "max": 11.969498,
            "p(90)": 0.08700850000000006,
            "p(95)": 0.10685485000000002
        },
        "checks": {
            "passes": 160364,
            "fails": 2000,
            "value": 0.9876819984725678
        },
        "vus_max": {
            "value": 2000,
            "min": 1000,
            "max": 2000
        },
        "http_req_duration{expected_response:true}": {
            "avg": 3482.233682798338,
            "min": -9330.426982,
            "med": 1229.9854555000002,
            "max": 48309.254533,
            "p(90)": 15214.892106200008,
            "p(95)": 16036.270008200001
        },
        "http_req_tls_handshaking": {
            "med": 0,
            "max": 0,
            "p(90)": 0,
            "p(95)": 0,
            "avg": 0,
            "min": 0
        },
        "data_sent": {
            "rate": 101163.01761537729,
            "count": 31173888
        },
        "data_received": {
            "count": 51108296,
            "rate": 165852.57021966323
        },
        "http_req_failed": {
            "passes": 2000,
            "fails": 160364,
            "value": 0.01231800152743219
        },
        "http_req_sending": {
            "min": -25530.038829,
            "med": 0.0271985,
            "max": 23.305409,
            "p(90)": 0.04335480000000005,
            "p(95)": 0.05970150000000006,
            "avg": -0.12757052004138608
        },
        "vus": {
            "min": 15,
            "max": 2000,
            "value": 1007
        },
        "http_req_waiting": {
            "med": 1241.7022160000001,
            "max": 48309.116612,
            "p(90)": 14418.49539490001,
            "p(95)": 16024.2555084,
            "avg": 3569.7098383070074,
            "min": 0
        },
        "http_req_duration": {
            "max": 48309.254533,
            "p(90)": 14417.70658480001,
            "p(95)": 16024.2495743,
            "avg": 3569.639243997902,
            "min": -9330.426982,
            "med": 1241.7836985
        }
    },
    "root_group": {
        "name": "",
        "path": "",
        "id": "d41d8cd98f00b204e9800998ecf8427e",
        "groups": {},
        "checks": {
                "status é 200": {
                    "fails": 2000,
                    "name": "status é 200",
                    "path": "::status é 200",
                    "id": "b16e99ca05db78d0783cae331c9a2805",
                    "passes": 160364
                }
            }
    }
}