{
    "root_group": {
        "checks": {
            "status é 200": {
                "id": "b16e99ca05db78d0783cae331c9a2805",
                "passes": 191303,
                "fails": 7449,
                "name": "status é 200",
                "path": "::status é 200"
            }
        },
        "name": "",
        "path": "",
        "id": "d41d8cd98f00b204e9800998ecf8427e",
        "groups": {}
    },
    "metrics": {
        "data_sent": {
            "count": 38160384,
            "rate": 117637.18991624338
        },
        "http_req_waiting": {
            "p(95)": 26641.89454945,
            "avg": 4147.9879876890955,
            "min": -11379.842554,
            "med": 819.487887,
            "max": 85727.136879,
            "p(90)": 1219.8137975999998
        },
        "checks": {
            "passes": 191303,
            "fails": 7449,
            "value": 0.9625211318628241
        },
        "http_req_failed": {
            "passes": 7449,
            "fails": 191303,
            "value": 0.03747886813717598
        },
        "http_req_receiving": {
            "max": 25728.462285,
            "p(90)": 0.12431039999999997,
            "p(95)": 0.1873729999999993,
            "avg": 0.45112392318062544,
            "min": -25723.132871,
            "med": 0.030668
        },
        "iterations": {
            "count": 198752,
            "rate": 612.6936974804344
        },
        "http_req_connecting": {
            "p(95)": 0,
            "avg": 0.15819450065408183,
            "min": 0,
            "med": 0,
            "max": 25726.174565,
            "p(90)": 0
        },
        "http_req_sending": {
            "max": 25718.428768,
            "p(90)": 0.04944849999999997,
            "p(95)": 0.10632934999999995,
            "avg": 0.2934663144169664,
            "min": 0.003777,
            "med": 0.010921
        },
        "http_reqs": {
            "count": 198752,
            "rate": 612.6936974804344
        },
        "iteration_duration": {
            "min": 32.261274,
            "med": 817.8801444999999,
            "max": 60040.959488,
            "p(90)": 1110.2881949,
            "p(95)": 1264.0650787999994,
            "avg": 3031.494019223005
        },
        "http_req_blocked": {
            "p(95)": 0.028748499999999823,
            "avg": 0.2961484648557058,
            "min": 0.000411,
            "med": 0.002475,
            "max": 25726.21376,
            "p(90)": 0.004098
        },
        "data_received": {
            "rate": 185175.4181918031,
            "count": 60069142
        },
        "http_req_duration{expected_response:true}": {
            "avg": 2099.008940942193,
            "min": 0.017333,
            "med": 806.415308,
            "max": 81594.608087,
            "p(90)": 1122.1080634,
            "p(95)": 16415.79264119935
        },
        "vus_max": {
            "value": 2000,
            "min": 1388,
            "max": 2000
        },
        "vus": {
            "value": 1,
            "min": 1,
            "max": 2000
        },
        "http_req_duration": {
            "p(95)": 26641.94942185,
            "avg": 4148.732577926707,
            "min": -11379.817085,
            "med": 819.5850785,
            "max": 85727.161696,
            "p(90)": 1220.1301210999998
        },
        "http_req_tls_handshaking": {
            "max": 0,
            "p(90)": 0,
            "p(95)": 0,
            "avg": 0,
            "min": 0,
            "med": 0
        },
        "dropped_iterations": {
            "count": 701247,
            "rate": 2161.7373273077105
        }
    }
}