{
    "root_group": {
        "name": "",
        "path": "",
        "id": "d41d8cd98f00b204e9800998ecf8427e",
        "groups": {},
        "checks": {
                "status é 200": {
                    "name": "status é 200",
                    "path": "::status é 200",
                    "id": "b16e99ca05db78d0783cae331c9a2805",
                    "passes": 308794,
                    "fails": 22693
                }
            }
    },
    "metrics": {
        "data_received": {
            "rate": 298402.5270757321,
            "count": 96961316
        },
        "http_req_failed": {
            "passes": 22693,
            "fails": 308794,
            "value": 0.06845818991393328
        },
        "checks": {
            "passes": 308794,
            "fails": 22693,
            "value": 0.9315418100860667
        },
        "http_req_waiting": {
            "med": 699.67806,
            "max": 85780.653015,
            "p(90)": 26319.80426660006,
            "p(95)": 59996.9425504,
            "avg": 5570.675356051852,
            "min": -11449.241008
        },
        "http_req_duration": {
            "p(90)": 26318.2642004,
            "p(95)": 59996.9911037,
            "avg": 5570.1981269562575,
            "min": -25091.930335,
            "med": 699.74339,
            "max": 85780.673905
        },
        "dropped_iterations": {
            "count": 1168497,
            "rate": 3596.0986511405413
        },
        "vus": {
            "value": 15,
            "min": 15,
            "max": 5000
        },
        "iteration_duration": {
            "avg": 4571.214943175074,
            "min": 17.134422,
            "med": 699.928613,
            "max": 60019.526196,
            "p(90)": 820.2300838000001,
            "p(95)": 60000.2521612
        },
        "data_sent": {
            "count": 63645504,
            "rate": 195871.7147631187
        },
        "iterations": {
            "count": 331487,
            "rate": 1020.16518105791
        },
        "http_reqs": {
            "count": 331487,
            "rate": 1020.16518105791
        },
        "http_req_sending": {
            "med": 0.0107,
            "max": 25779.964684,
            "p(90)": 0.03635340000000002,
            "p(95)": 0.06332,
            "avg": -0.1335059000654657,
            "min": -25778.230285
        },
        "http_req_duration{expected_response:true}": {
            "avg": 1882.3711755843267,
            "min": -25091.930335,
            "med": 694.701268,
            "max": 77236.297682,
            "p(90)": 789.4857998,
            "p(95)": 955.97257295
        },
        "http_req_receiving": {
            "min": -25776.117801,
            "med": 0.037471,
            "max": 18.923513,
            "p(90)": 0.072777,
            "p(95)": 0.10761680000000005,
            "avg": -0.3437231955189702
        },
        "http_req_blocked": {
            "avg": 0.4636621614935214,
            "min": 0,
            "med": 0.002154,
            "max": 25791.02705,
            "p(90)": 0.004298,
            "p(95)": 0.15007610000000002
        },
        "vus_max": {
            "value": 5000,
            "min": 1603,
            "max": 5000
        },
        "http_req_connecting": {
            "avg": 0.06677276976774275,
            "min": -25772.892948,
            "med": 0,
            "max": 25790.994328,
            "p(90)": 0,
            "p(95)": 0.10400040000000002
        },
        "http_req_tls_handshaking": {
            "avg": 0,
            "min": 0,
            "med": 0,
            "max": 0,
            "p(90)": 0,
            "p(95)": 0
        }
    }
}