{
    "root_group": {
        "path": "",
        "id": "d41d8cd98f00b204e9800998ecf8427e",
        "groups": {},
        "checks": {
                "status 200": {
                    "id": "fad9fa412b86fcb03bee97c80dcd61f1",
                    "passes": 33730,
                    "fails": 236271,
                    "name": "status 200",
                    "path": "::status 200"
                }
            },
        "name": ""
    },
    "metrics": {
        "data_sent": {
            "count": 1524231504,
            "rate": 8542559.99217577
        },
        "vus": {
            "value": 156,
            "min": 156,
            "max": 519
        },
        "http_req_waiting": {
            "med": 1.150079,
            "max": 59463.755614,
            "p(90)": 1111.826564,
            "p(95)": 1647.420668,
            "avg": 283.92605826355424,
            "min": -538.576261
        },
        "iteration_duration": {
            "min": 0.846513,
            "med": 1.530776,
            "max": 60003.12909,
            "p(90)": 1184.219452,
            "p(95)": 1660.715156,
            "avg": 289.51741942170486
        },
        "iterations": {
            "rate": 1513.2214065872308,
            "count": 270001
        },
        "http_reqs": {
            "count": 270001,
            "rate": 1513.2214065872308
        },
        "http_req_sending": {
            "med": 0.053966,
            "max": 14.717647,
            "p(90)": 0.085464,
            "p(95)": 0.099765,
            "avg": 0.05984636205051047,
            "min": -537.767589
        },
        "data_received": {
            "count": 194993130,
            "rate": 1092839.5763476682
        },
        "http_req_tls_handshaking": {
            "min": 0,
            "med": 0,
            "max": 0,
            "p(90)": 0,
            "p(95)": 0,
            "avg": 0
        },
        "http_req_connecting": {
            "avg": 0.12105772427509538,
            "min": 0,
            "med": 0.096663,
            "max": 53.191547,
            "p(90)": 0.126502,
            "p(95)": 0.15021
        },
        "checks": {
            "passes": 33730,
            "fails": 236271,
            "value": 0.12492546323902504
        },
        "http_req_duration": {
            "p(90)": 1111.962763,
            "p(95)": 1647.591974,
            "avg": 283.9922805243106,
            "min": -538.521006,
            "med": 1.204904,
            "max": 59463.831503
        },
        "http_req_blocked": {
            "avg": 0.1592763137951355,
            "min": 0.001314,
            "med": 0.134032,
            "max": 53.215761,
            "p(90)": 0.182426,
            "p(95)": 0.216504
        },
        "vus_max": {
            "value": 800,
            "min": 800,
            "max": 800
        },
        "http_req_duration{expected_response:true}": {
            "med": 1558.068051,
            "max": 58878.798939,
            "p(90)": 1891.7637792,
            "p(95)": 2011.04646085,
            "avg": 1714.0249629478137,
            "min": 0.073054
        },
        "http_req_failed": {
            "passes": 236271,
            "fails": 33730,
            "value": 0.8750745367609749
        },
        "http_req_receiving": {
            "max": 9.884586,
            "p(90)": 0.028126,
            "p(95)": 0.048856,
            "avg": 0.0063758987151899035,
            "min": 0,
            "med": 0
        }
    }
}