{
    "root_group": {
        "name": "",
        "path": "",
        "id": "d41d8cd98f00b204e9800998ecf8427e",
        "groups": {},
        "checks": {
                "status 200": {
                    "id": "fad9fa412b86fcb03bee97c80dcd61f1",
                    "passes": 144001,
                    "fails": 0,
                    "name": "status 200",
                    "path": "::status 200"
                }
            }
    },
    "metrics": {
        "http_req_failed": {
            "passes": 0,
            "fails": 144001,
            "value": 0
        },
        "http_req_duration": {
            "min": 0.093462,
            "med": 1.940934,
            "max": 168.947311,
            "p(90)": 2.897199,
            "p(95)": 4.038273,
            "avg": 2.3294614444066153
        },
        "http_req_blocked": {
            "min": 0.000987,
            "med": 0.002344,
            "max": 30.351785,
            "p(90)": 0.003147,
            "p(95)": 0.003474,
            "avg": 0.004864524392191505
        },
        "data_received": {
            "count": 832469781,
            "rate": 4967185.335840072
        },
        "http_req_sending": {
            "p(95)": 0.083196,
            "avg": 0.06549752389219476,
            "min": 0.022489,
            "med": 0.066198,
            "max": 0.957426,
            "p(90)": 0.078865
        },
        "checks": {
            "passes": 144001,
            "fails": 0,
            "value": 1
        },
        "http_req_duration{expected_response:true}": {
            "min": 0.093462,
            "med": 1.940934,
            "max": 168.947311,
            "p(90)": 2.897199,
            "p(95)": 4.038273,
            "avg": 2.3294614444066153
        },
        "http_req_waiting": {
            "min": 0,
            "med": 1.831511,
            "max": 168.783862,
            "p(90)": 2.771446,
            "p(95)": 3.905053,
            "avg": 2.212780976069594
        },
        "iterations": {
            "rate": 859.2259705656585,
            "count": 144001
        },
        "data_sent": {
            "count": 814037653,
            "rate": 4857204.411607668
        },
        "vus": {
            "value": 2,
            "min": 1,
            "max": 4
        },
        "http_req_tls_handshaking": {
            "p(90)": 0,
            "p(95)": 0,
            "avg": 0,
            "min": 0,
            "med": 0,
            "max": 0
        },
        "http_reqs": {
            "count": 144001,
            "rate": 859.2259705656585
        },
        "iteration_duration": {
            "avg": 2.464688150172595,
            "min": 1.702375,
            "med": 2.068442,
            "max": 169.339736,
            "p(90)": 3.044544,
            "p(95)": 4.188503
        },
        "http_req_connecting": {
            "med": 0,
            "max": 29.413679,
            "p(90)": 0,
            "p(95)": 0,
            "avg": 0.0022281008326331068,
            "min": 0
        },
        "http_req_receiving": {
            "min": 0.015185,
            "med": 0.04564,
            "max": 1.559444,
            "p(90)": 0.079354,
            "p(95)": 0.087038,
            "avg": 0.051182944444829785
        },
        "vus_max": {
            "value": 400,
            "min": 400,
            "max": 400
        }
    }
}