{
    "root_group": {
        "name": "",
        "path": "",
        "id": "d41d8cd98f00b204e9800998ecf8427e",
        "groups": {},
        "checks": {
                "status 200": {
                    "fails": 0,
                    "name": "status 200",
                    "path": "::status 200",
                    "id": "fad9fa412b86fcb03bee97c80dcd61f1",
                    "passes": 54000
                }
            }
    },
    "metrics": {
        "http_req_blocked": {
            "avg": 0.004856749203703538,
            "min": 0.0014,
            "med": 0.003581,
            "max": 3.460647,
            "p(90)": 0.004754,
            "p(95)": 0.005384
        },
        "data_sent": {
            "count": 305262000,
            "rate": 1847337.6957833401
        },
        "http_req_sending": {
            "avg": 0.05038380346296283,
            "min": -2482.188244,
            "med": 0.086473,
            "max": 12.442772,
            "p(90)": 0.10925510000000001,
            "p(95)": 0.13021569999999985
        },
        "http_req_tls_handshaking": {
            "max": 0,
            "p(90)": 0,
            "p(95)": 0,
            "avg": 0,
            "min": 0,
            "med": 0
        },
        "checks": {
            "passes": 54000,
            "fails": 0,
            "value": 1
        },
        "iteration_duration": {
            "avg": 71.96161187996263,
            "min": 2.053066,
            "med": 5.3308435,
            "max": 531.040338,
            "p(90)": 242.8525288,
            "p(95)": 295.7691058499997
        },
        "http_req_duration": {
            "med": 4.882528,
            "max": 530.830043,
            "p(90)": 240.00694339999995,
            "p(95)": 293.31157675,
            "avg": 70.77326178224142,
            "min": -2218.153002
        },
        "vus": {
            "value": 101,
            "min": 0,
            "max": 120
        },
        "http_req_waiting": {
            "max": 530.7212,
            "p(90)": 239.8687072,
            "p(95)": 293.0734195999997,
            "avg": 70.64911205257447,
            "min": 0,
            "med": 4.6822
        },
        "data_received": {
            "count": 312174000,
            "rate": 1889166.6759815123
        },
        "http_reqs": {
            "count": 54000,
            "rate": 326.7889077982204
        },
        "http_req_receiving": {
            "avg": 0.07376592620370401,
            "min": 0.012308,
            "med": 0.059121,
            "max": 13.201393,
            "p(90)": 0.09969619999999997,
            "p(95)": 0.12840309999999988
        },
        "iterations": {
            "count": 54000,
            "rate": 326.7889077982204
        },
        "http_req_failed": {
            "passes": 0,
            "fails": 54000,
            "value": 0
        },
        "vus_max": {
            "value": 150,
            "min": 150,
            "max": 150
        },
        "http_req_connecting": {
            "avg": 0.0005707707592592594,
            "min": 0,
            "med": 0,
            "max": 3.361038,
            "p(90)": 0,
            "p(95)": 0
        },
        "http_req_duration{expected_response:true}": {
            "p(95)": 293.31157675,
            "avg": 70.77326178224142,
            "min": -2218.153002,
            "med": 4.882528,
            "max": 530.830043,
            "p(90)": 240.00694339999995
        }
    }
}