{
    "root_group": {
        "name": "",
        "path": "",
        "id": "d41d8cd98f00b204e9800998ecf8427e",
        "groups": {},
        "checks": {
                "status 200": {
                    "path": "::status 200",
                    "id": "fad9fa412b86fcb03bee97c80dcd61f1",
                    "passes": 211079,
                    "fails": 1604,
                    "name": "status 200"
                }
            }
    },
    "metrics": {
        "http_req_duration": {
            "med": 659.941109,
            "max": 57526.366712,
            "p(90)": 739.7290396,
            "p(95)": 760.0025187,
            "avg": 1178.0124921325598,
            "min": 0.06
        },
        "http_req_sending": {
            "avg": 0.07931079734628546,
            "min": 0.028209,
            "med": 0.076563,
            "max": 7.337698,
            "p(90)": 0.10311140000000005,
            "p(95)": 0.1172278
        },
        "http_req_tls_handshaking": {
            "p(95)": 0,
            "avg": 0,
            "min": 0,
            "med": 0,
            "max": 0,
            "p(90)": 0
        },
        "checks": {
            "passes": 211079,
            "fails": 1604,
            "value": 0.9924582594753695
        },
        "http_req_waiting": {
            "avg": 1177.873400839844,
            "min": 0,
            "med": 659.800117,
            "max": 57526.299276,
            "p(90)": 739.5845793999999,
            "p(95)": 759.8464109
        },
        "iteration_duration": {
            "avg": 1230.9777783615466,
            "min": 6.434353,
            "med": 661.623665,
            "max": 60008.14393,
            "p(90)": 740.5645453999999,
            "p(95)": 760.5209881000001
        },
        "iterations": {
            "count": 212683,
            "rate": 1225.651651439001
        },
        "data_sent": {
            "rate": 6928608.785584672,
            "count": 1202296999
        },
        "data_received": {
            "count": 1220247699,
            "rate": 7032055.2533300305
        },
        "http_req_failed": {
            "passes": 1604,
            "fails": 211079,
            "value": 0.007541740524630553
        },
        "vus_max": {
            "value": 1500,
            "min": 750,
            "max": 1500
        },
        "http_reqs": { //NA CARGA ALTA EU TENTEI 1500 REQS MAS O PC AGUENTOU SÓ 1200
            "count": 212683,
            "rate": 1225.651651439001
        },
        "dropped_iterations": {
            "count": 57318,
            "rate": 330.31272531034756
        },
        "http_req_blocked": {
            "med": 0.002941,
            "max": 50.687901,
            "p(90)": 0.00394,
            "p(95)": 0.004417,
            "avg": 0.00972511439090049,
            "min": 0.001074
        },
        "http_req_receiving": {
            "max": 17.198274,
            "p(90)": 0.08990880000000002,
            "p(95)": 0.10061479999999999,
            "avg": 0.05978049536634468,
            "min": 0,
            "med": 0.056173
        },
        "vus": {
            "value": 89,
            "min": 89,
            "max": 1500
        },
        "http_req_duration{expected_response:true}": {
            "min": 0.06,
            "med": 659.377316,
            "max": 56390.415151,
            "p(90)": 737.638693,
            "p(95)": 756.3679283,
            "avg": 764.9578800314881
        },
        "http_req_connecting": {
            "avg": 0.005782645632231996,
            "min": 0,
            "med": 0,
            "max": 50.640719,
            "p(90)": 0,
            "p(95)": 0
        }
    }
}