{
    "metrics": {
        "iterations": {
            "count": 269583,
            "rate": 1456.9583489230504
        },
        "checks": {
            "passes": 33561,
            "fails": 236022,
            "value": 0.12449227139693526
        },
        "http_req_duration{expected_response:true}": {
            "max": 57506.217864,
            "p(90)": 1520.448762,
            "p(95)": 1658.629984,
            "avg": 1513.1675280255256,
            "min": -414.747079,
            "med": 1151.628192
        },
        "http_req_waiting": {
            "avg": 503.5228106662252,
            "min": -1133.597067,
            "med": 1.493435,
            "max": 58870.43499,
            "p(90)": 933.0475314000003,
            "p(95)": 1251.0792110999998
        },
        "vus": {
            "min": 7,
            "max": 1035,
            "value": 7
        },
        "http_req_tls_handshaking": {
            "avg": 0,
            "min": 0,
            "med": 0,
            "max": 0,
            "p(90)": 0,
            "p(95)": 0
        },
        "dropped_iterations": {
            "count": 417,
            "rate": 2.253671898824896
        },
        "http_req_failed": {
            "passes": 236022,
            "fails": 33561,
            "value": 0.8755077286030647
        },
        "data_received": {
            "count": 194016141,
            "rate": 1048558.0932617477
        },
        "http_reqs": {
            "count": 269583,
            "rate": 1456.9583489230504
        },
        "iteration_duration": {
            "min": 0.708545,
            "med": 1.870011,
            "max": 60005.343492,
            "p(90)": 968.085088,
            "p(95)": 1257.248601,
            "avg": 523.3194175302903
        },
        "http_req_blocked": {
            "p(90)": 0.18016,
            "p(95)": 0.2091979,
            "avg": 0.15301567165956273,
            "min": 0,
            "med": 0.132586,
            "max": 31.256989
        },
        "http_req_sending": {
            "med": 0.054404,
            "max": 28.200855,
            "p(90)": 0.083844,
            "p(95)": 0.097912,
            "avg": 0.05737360248606251,
            "min": -1094.719415
        },
        "vus_max": {
            "value": 1061,
            "min": 1032,
            "max": 1061
        },
        "http_req_receiving": {
            "avg": 0.006142664585674851,
            "min": 0,
            "med": 0,
            "max": 8.07721,
            "p(90)": 0.028075600000000034,
            "p(95)": 0.04739069999999999
        },
        "data_sent": {
            "count": 1522338570,
            "rate": 8227462.004091792
        },
        "http_req_connecting": {
            "p(90)": 0.125487,
            "p(95)": 0.14640749999999997,
            "avg": 0.11144283536424777,
            "min": -1114.558994,
            "med": 0.095996,
            "max": 31.214697
        },
        "http_req_duration": {
            "min": -1133.546315,
            "med": 1.549744,
            "max": 58870.493859,
            "p(90)": 933.1474322000003,
            "p(95)": 1251.1922954999998,
            "avg": 503.58632693330514
        }
    },
    "root_group": {
        "id": "d41d8cd98f00b204e9800998ecf8427e",
        "groups": {},
        "checks": {
                "status 200": {
                    "name": "status 200",
                    "path": "::status 200",
                    "id": "fad9fa412b86fcb03bee97c80dcd61f1",
                    "passes": 33561,
                    "fails": 236022
                }
            },
        "name": "",
        "path": ""
    }
}