{
    "metrics": {
        "http_req_duration": {
            "avg": 33956.032282782784,
            "min": -8412.769247,
            "med": 28191.098090500003,
            "max": 85550.922536,
            "p(90)": 60001.2806365,
            "p(95)": 60010.15545425
        },
        "http_req_sending": {
            "med": 0.041519,
            "max": 380.071252,
            "p(90)": 0.327184,
            "p(95)": 0.6866094999999989,
            "avg": -1.4399979698208225,
            "min": -25512.845055
        },
        "checks": {
            "passes": 67167,
            "fails": 24817,
            "value": 0.7302030787963124
        },
        "iteration_duration": {
            "p(95)": 60011.77451805,
            "avg": 34009.50091900651,
            "min": 299.776565,
            "med": 27617.7571705,
            "max": 61468.906037,
            "p(90)": 60004.352892099996
        },
        "http_req_blocked": {
            "avg": 1.3161907341820347,
            "min": 0,
            "med": 0.003196,
            "max": 25508.792941,
            "p(90)": 0.8981158999999997,
            "p(95)": 2.0973541999999963
        },
        "http_req_connecting": {
            "avg": -0.8136822437489207,
            "min": -25507.673423,
            "med": 0,
            "max": 25504.641448,
            "p(90)": 0.4772837999999998,
            "p(95)": 1.279197849999998
        },
        "iterations": {
            "count": 91984,
            "rate": 278.68931003405714
        },
        "dropped_iterations": {
            "count": 1407809,
            "rate": 4265.321347948948
        },
        "http_req_tls_handshaking": {
            "p(95)": 0,
            "avg": 0,
            "min": 0,
            "med": 0,
            "max": 0,
            "p(90)": 0
        },
        "data_sent": {
            "count": 17700480,
            "rate": 53628.18053652405
        },
        "vus_max": {
            "min": 5000,
            "max": 10000,
            "value": 10000
        },
        "http_req_waiting": {
            "p(90)": 60001.1449349,
            "p(95)": 60010.03097745,
            "avg": 33958.23057323393,
            "min": 0,
            "med": 28191.103582,
            "max": 85550.727387
        },
        "vus": {
            "value": 206,
            "min": 206,
            "max": 10000
        },
        "http_req_duration{expected_response:true}": {
            "med": 22259.381407,
            "max": 84102.888375,
            "p(90)": 44222.6076836,
            "p(95)": 50977.7281011,
            "avg": 24871.989033475027,
            "min": -8412.769247
        },
        "http_req_receiving": {
            "p(90)": 0.3401889,
            "p(95)": 0.6872130499999989,
            "avg": -0.7582924815293948,
            "min": -25511.311936,
            "med": 0.045466,
            "max": 336.423062
        },
        "http_req_failed": {
            "passes": 24817,
            "fails": 67167,
            "value": 0.2697969212036876
        },
        "data_received": {
            "count": 21493953,
            "rate": 65121.4877747701
        },
        "http_reqs": {
            "count": 91984,
            "rate": 278.68931003405714
        }
    },
    "root_group": {
        "name": "",
        "path": "",
        "id": "d41d8cd98f00b204e9800998ecf8427e",
        "groups": {},
        "checks": {
                "status é 200": {
                    "name": "status é 200",
                    "path": "::status é 200",
                    "id": "b16e99ca05db78d0783cae331c9a2805",
                    "passes": 67167,
                    "fails": 24817
                }
            }
    }
}