{
    "root_group": {
        "name": "",
        "path": "",
        "id": "d41d8cd98f00b204e9800998ecf8427e",
        "groups": {},
        "checks": {
                "status é 200": {
                    "name": "status é 200",
                    "path": "::status é 200",
                    "id": "b16e99ca05db78d0783cae331c9a2805",
                    "passes": 112623,
                    "fails": 367
                }
            }
    },
    "metrics": {
        "iterations": {
            "count": 112990,
            "rate": 373.7818216100579
        },
        "http_req_failed": {
            "passes": 367,
            "fails": 112623,
            "value": 0.0032480750508894593
        },
        "http_req_duration": {
            "med": 4926.2821055,
            "max": 60006.670267,
            "p(90)": 6982.0456423000005,
            "p(95)": 21045.07585134999,
            "avg": 6206.301549738052,
            "min": 0.018466
        },
        "http_req_connecting": {
            "min": 0,
            "med": 0,
            "max": 42.18163,
            "p(90)": 0,
            "p(95)": 0,
            "avg": 0.015005958341446125
        },
        "http_req_sending": {
            "min": 0.003266,
            "med": 0.011441,
            "max": 25724.638761,
            "p(90)": 0.04373350000000003,
            "p(95)": 0.09042555,
            "avg": 0.2558211034250829
        },
        "http_req_blocked": {
            "p(95)": 0.0058364999999998834,
            "avg": 0.021635736861669006,
            "min": 0.00042,
            "med": 0.002234,
            "max": 42.238437,
            "p(90)": 0.003787
        },
        "vus": {
            "value": 1052,
            "min": 1052,
            "max": 2000
        },
        "iteration_duration": {
            "med": 4923.313301,
            "max": 60008.555322,
            "p(90)": 6472.2914316999995,
            "p(95)": 7211.8305512,
            "avg": 5325.850222652176,
            "min": 284.278445
        },
        "checks": {
            "passes": 112623,
            "fails": 367,
            "value": 0.9967519249491106
        },
        "data_sent": {
            "count": 21694080,
            "rate": 71766.10974913111
        },
        "data_received": {
            "count": 35369417,
            "rate": 117005.4439821732
        },
        "http_req_tls_handshaking": {
            "avg": 0,
            "min": 0,
            "med": 0,
            "max": 0,
            "p(90)": 0,
            "p(95)": 0
        },
        "http_req_receiving": {
            "avg": 0.9804496487122731,
            "min": 0,
            "med": 0.040497,
            "max": 25727.684324,
            "p(90)": 0.13416500000000006,
            "p(95)": 0.19397755
        },
        "http_req_waiting": {
            "p(90)": 6980.919050500001,
            "p(95)": 21036.844352649972,
            "avg": 6205.065278985959,
            "min": 0,
            "med": 4926.1693685,
            "max": 60006.561427
        },
        "http_req_duration{expected_response:true}": {
            "avg": 6036.116145673383,
            "min": 0.018466,
            "med": 4921.679503,
            "max": 59625.75096,
            "p(90)": 6928.527891600002,
            "p(95)": 16486.798248099996
        },
        "http_reqs": {
            "count": 112990,
            "rate": 373.7818216100579
        },
        "dropped_iterations": {
            "count": 787010,
            "rate": 2603.505013057188
        },
        "vus_max": {
            "min": 1339,
            "max": 2000,
            "value": 2000
        }
    }
}