{
    "root_group": {
        "name": "",
        "path": "",
        "id": "d41d8cd98f00b204e9800998ecf8427e",
        "groups": {},
        "checks": {
                "status é 200": {
                    "name": "status é 200",
                    "path": "::status é 200",
                    "id": "b16e99ca05db78d0783cae331c9a2805",
                    "passes": 200397,
                    "fails": 3968
                }
            }
    },
    "metrics": {
        "vus_max": {
            "value": 5000,
            "min": 1677,
            "max": 5000
        },
        "http_req_blocked": {
            "min": 0,
            "med": 0.002104,
            "max": 101.732218,
            "p(90)": 0.003517,
            "p(95)": 0.01033,
            "avg": 0.030885739192132368
        },
        "http_req_connecting": {
            "p(95)": 0,
            "avg": 0.023479512636703816,
            "min": 0,
            "med": 0,
            "max": 101.478027,
            "p(90)": 0
        },
        "http_req_duration{expected_response:true}": {
            "avg": 7001.520423137373,
            "min": 0.017944,
            "med": 5467.738109,
            "max": 84006.27476,
            "p(90)": 9389.409654999992,
            "p(95)": 19642.682388799996
        },
        "data_sent": {
            "count": 39238080,
            "rate": 118936.30383614998
        },
        "http_reqs": {
            "count": 204365,
            "rate": 619.4599158132812
        },
        "http_req_sending": {
            "avg": 0.02223946736476464,
            "min": 0.003267,
            "med": 0.011312,
            "max": 13.166784,
            "p(90)": 0.034235,
            "p(95)": 0.058660199999999954
        },
        "http_req_failed": {
            "passes": 3968,
            "fails": 200397,
            "value": 0.01941624054999633
        },
        "http_req_tls_handshaking": {
            "max": 0,
            "p(90)": 0,
            "p(95)": 0,
            "avg": 0,
            "min": 0,
            "med": 0
        },
        "dropped_iterations": {
            "count": 1295635,
            "rate": 3927.257348492846
        },
        "http_req_receiving": {
            "avg": 0.04911756188192741,
            "min": -25777.463799,
            "med": 0.04207,
            "max": 25777.302406,
            "p(90)": 0.0740206,
            "p(95)": 0.10277019999999978
        },
        "iteration_duration": {
            "avg": 7438.820788598179,
            "min": 961.84542,
            "med": 5489.819766,
            "max": 60014.413017,
            "p(90)": 9070.464693200001,
            "p(95)": 18302.702875599996
        },
        "checks": {
            "passes": 200397,
            "fails": 3968,
            "value": 0.9805837594500036
        },
        "iterations": {
            "count": 204365,
            "rate": 619.4599158132812
        },
        "http_req_waiting": {
            "min": 0,
            "med": 5490.417477,
            "max": 85780.337545,
            "p(90)": 11672.370936800009,
            "p(95)": 30973.20648539999,
            "avg": 8000.318007174694
        },
        "data_received": {
            "count": 62969493,
            "rate": 190869.6539651359
        },
        "vus": {
            "value": 215,
            "min": 215,
            "max": 5000
        },
        "http_req_duration": {
            "p(90)": 11672.417206000007,
            "p(95)": 30973.274567799992,
            "avg": 8000.389364203989,
            "min": 0.017944,
            "med": 5490.468541,
            "max": 85780.348676
        }
    }
}