{
    "root_group": {
        "name": "",
        "path": "",
        "id": "d41d8cd98f00b204e9800998ecf8427e",
        "groups": {},
        "checks": {
                "status 200": {
                    "id": "fad9fa412b86fcb03bee97c80dcd61f1",
                    "passes": 52470,
                    "fails": 774658,
                    "name": "status 200",
                    "path": "::status 200"
                }
            }
    },
    "metrics": {
        "http_req_duration": {
            "p(90)": 211.64000479999999,
            "p(95)": 1423.4241912999971,
            "avg": 239.003230900629,
            "min": -1511.955284,
            "med": 35.7059285,
            "max": 58520.079264
        },
        "http_req_sending": {
            "med": 0.068421,
            "max": 87.058649,
            "p(90)": 0.28427150000000023,
            "p(95)": 0.5354349499999997,
            "avg": 0.18401666645066297,
            "min": -1543.720409
        },
        "data_received": {
            "count": 303329070,
            "rate": 1535612.8176912817
        },
        "http_req_blocked": {
            "p(90)": 2039.3200843,
            "p(95)": 3071.0962250499997,
            "avg": 556.53475074418,
            "min": 0,
            "med": 0.1868915,
            "max": 19596.221537
        },
        "http_req_receiving": {
            "p(95)": 0.024325,
            "avg": 0.0034055301005406573,
            "min": 0,
            "med": 0,
            "max": 27.051186,
            "p(90)": 0
        },
        "vus": {
            "value": 1,
            "min": 1,
            "max": 5000
        },
        "iteration_duration": {
            "max": 60097.529169,
            "p(90)": 2255.2850408,
            "p(95)": 4127.7490902,
            "avg": 1022.002173343998,
            "min": 0.259988,
            "med": 38.799417500000004
        },
        "vus_max": {
            "value": 5000,
            "min": 2500,
            "max": 5000
        },
        "http_req_duration{expected_response:true}": {
            "p(95)": 2237.00322275,
            "avg": 1797.413194285558,
            "min": 0.054642,
            "med": 1762.8841935,
            "max": 56657.244892,
            "p(90)": 2112.2848254
        },
        "http_req_waiting": {
            "min": -1512.023783,
            "med": 35.59715,
            "max": 58520.050238,
            "p(90)": 211.3970354,
            "p(95)": 1423.3566482499996,
            "avg": 238.815808704084
        },
        "http_req_failed": {
            "passes": 774658,
            "fails": 52470,
            "value": 0.9365636273950344
        },
        "iterations": {
            "rate": 4187.361134464805,
            "count": 827128
        },
        "http_reqs": {
            "count": 827128,
            "rate": 4187.361134464805
        },
        "http_req_tls_handshaking": {
            "avg": 0,
            "min": 0,
            "med": 0,
            "max": 0,
            "p(90)": 0,
            "p(95)": 0
        },
        "checks": {
            "passes": 52470,
            "fails": 774658,
            "value": 0.06343637260496561
        },
        "data_sent": {
            "count": 4646970558,
            "rate": 23525432.46942605
        },
        "http_req_connecting": {
            "p(95)": 3070.8618782,
            "avg": 554.6978880171581,
            "min": -1542.408716,
            "med": 0.1243465,
            "max": 19596.193655,
            "p(90)": 2039.0640772000002
        },
        "dropped_iterations": {
            "rate": 368.9218209900448,
            "count": 72873
        }
    }
}